LinusTechTips,59f94c0bdd241b70349eb72b,False
Bitwit Ultra,59fa58f93acf6013471d5822,True
TechDeals,5ae0f8114336369a2c3619b6,True
UFD Tech,5d3606f85fa46b731f1d581d,True
Level1Techs,5d48c7be5fa46b731f1d5885,False
3D Printing Nerd,5e01428f3d4e7d45d06127ed,True
The Mighty Jingles,5e0237533d4e7d45d06127f7,False
Tyler McVicker,5e0a35aa5e351721d033a7a4,False
BadSeed Tech,5e0a600be978e91d74e8c69e,True
Robert Neal,5e0b818aced7211628e8b1c4,True
Lawful Masses with Leonard French,5e0b899b299f45224c8fa332,False
Forgotten Weapons,5e0bb452fd9eec0f443b3d7f,True
Gear Seekers,5e182f33cf10061b3cd5c9bb,True
Lon.TV,5e1e1ac47622cc11287c6f11,False
Hardware Unboxed,5f84f83f5edaca3b4d1289c8,False
Craft Computing,5f8607b7d4470bfe472cbe7c,False
Toastybros,5f8741235edaca3b4d128d1d,True
The Gun Collective,5f886b28b1076a23b81ed43c,False
Ivycomb,605921124e62297311ab72d0,True
The Trash Network,61bc20c9a131fb692bf2a513,False
Shank Mods,626ad21aa2ffab0c7d8f69ac,True
James Channel,6548c71244c4c2831b1bdac7,False
